{"cameraMode":{"drawMode":0,"name":"Shaded","section":"Shading Mode"},"sceneLighting":true,"audioPlay":false,"sceneViewState":{"m_AlwaysRefresh":false,"showFog":true,"showSkybox":true,"showFlares":true,"showImageEffects":true,"showParticleSystems":true,"showVisualEffectGraphs":true,"m_FxEnabled":true},"in2DMode":false,"pivot":{"x":-0.8557746410369873,"y":-5.412559509277344,"z":13.813849449157715},"rotation":{"x":-0.2379799634218216,"y":0.01369204930961132,"z":-0.0033553538378328087,"w":-0.9711688756942749},"size":13.553558349609375,"orthographic":false}